{"cameraMode":{"drawMode":0,"name":"Shaded","section":"Shading Mode"},"sceneLighting":true,"audioPlay":false,"sceneViewState":{"showFog":true,"showMaterialUpdate":false,"showSkybox":true,"showFlares":true,"showImageEffects":true,"showParticleSystems":true},"in2DMode":false,"pivot":{"x":-494.33294677734377,"y":6.2819743156433109,"z":143.3034210205078},"rotation":{"x":-0.02098994515836239,"y":0.9409195184707642,"z":0.05935649946331978,"w":0.332729697227478},"size":555.425537109375,"orthographic":true}