{"cameraMode":{"drawMode":0,"name":"Shaded","section":"Shading Mode"},"sceneLighting":false,"audioPlay":false,"sceneViewState":{"showFog":true,"showMaterialUpdate":false,"showSkybox":false,"showFlares":true,"showImageEffects":true,"showParticleSystems":true},"in2DMode":false,"pivot":{"x":0.0,"y":1.5593376159667969,"z":0.5149999856948853},"rotation":{"x":0.32702600955963137,"y":0.028339384123682977,"z":-0.009812400676310063,"w":0.9445422887802124},"size":1.5972894430160523,"orthographic":false}