{"cameraMode":{"drawMode":0,"name":"Shaded","section":"Shading Mode"},"sceneLighting":true,"audioPlay":false,"sceneViewState":{"showFog":true,"showMaterialUpdate":false,"showSkybox":true,"showFlares":true,"showImageEffects":true,"showParticleSystems":true},"in2DMode":false,"pivot":{"x":0.0,"y":2.0399999618530275,"z":0.03999987244606018},"rotation":{"x":0.12208360433578491,"y":0.012222734279930592,"z":-0.0015028596390038729,"w":0.9924455881118774},"size":7.125064373016357,"orthographic":false}