{"cameraMode":{"drawMode":0,"name":"Shaded","section":"Shading Mode"},"sceneLighting":true,"audioPlay":false,"sceneViewState":{"showFog":true,"showMaterialUpdate":false,"showSkybox":true,"showFlares":true,"showImageEffects":true,"showParticleSystems":true},"in2DMode":false,"pivot":{"x":1.4605090618133546,"y":0.7688589096069336,"z":-10.356243133544922},"rotation":{"x":0.00044859707122668624,"y":-0.9983327984809876,"z":0.05727650225162506,"w":0.007776674348860979},"size":16.419132232666017,"orthographic":false}