{"cameraMode":{"drawMode":0,"name":"Shaded","section":"Shading Mode"},"sceneLighting":false,"audioPlay":false,"sceneViewState":{"showFog":true,"showMaterialUpdate":false,"showSkybox":false,"showFlares":true,"showImageEffects":true,"showParticleSystems":true},"in2DMode":false,"pivot":{"x":-9.985246658325196,"y":0.8572987914085388,"z":10.285682678222657},"rotation":{"x":0.003788282163441181,"y":0.9838329553604126,"z":-0.17781801521778108,"w":0.02095981314778328},"size":4.21785831451416,"orthographic":false}